{
  "best_build": [
    "Abyssal Mask",
    "Axiom Arc",
    "Black Cleaver",
    "Bloodthirster",
    "Navori Flickerblade",
    "Zaz'Zak's Realmspike"
  ],
  "build_orders": [
    {
      "cumulative_score": 3.016742836999093,
      "levels": [
        5,
        8,
        11,
        14,
        17,
        20
      ],
      "ordered_items": [
        "Black Cleaver",
        "Abyssal Mask",
        "Zaz'Zak's Realmspike",
        "Axiom Arc",
        "Bloodthirster",
        "Navori Flickerblade"
      ],
      "stage_damage": [
        3545.7917100382747,
        3673.26696365768,
        4519.420558352941,
        4372.54293317483,
        4235.334381212611,
        4106.832504691069
      ],
      "stage_healing": [
        118.08620689655163,
        169.08620689655163,
        238.58583945732062,
        262.1826075616459,
        285.8654481921658,
        309.62507186009225
      ],
      "stage_objective_scores": [
        0.4910607014622965,
        0.5146389124800224,
        0.5308182701079132,
        0.4967395152724733,
        0.4963059504969004,
        0.4871794871794873
      ],
      "stage_survival_seconds": [
        2.0615966371280576,
        2.0237784835491546,
        3.6510633805958634,
        3.6769847083893135,
        3.716272679677316,
        3.6619555974089906
      ]
    }
  ],
  "champion_level": 20,
  "controlled_champion_loadout_labels": [
    "Rune: Electrocute",
    "Rune: Taste of Blood",
    "Rune: Grisly Mementos",
    "Rune: Treasure Hunter",
    "Rune: Shield Bash",
    "Rune: Bone Plating",
    "Shard 1: ability_haste",
    "Shard 2: movement_speed",
    "Shard 3: health"
  ],
  "controlled_champion_name": "Vladimir",
  "diagnostics": {
    "adaptive_candidates_injected": 0,
    "best_significant_score": null,
    "bleed_candidates_injected": 0,
    "candidate_duplicates_pruned": 0,
    "candidate_keys_generated": 0,
    "coverage_stage_assets_covered": 0,
    "coverage_stage_assets_total": 0,
    "coverage_stage_elapsed_seconds": 0.0,
    "coverage_stage_enabled": false,
    "coverage_stage_incomplete": false,
    "coverage_stage_seed_candidates": 0,
    "coverage_stage_seed_candidates_unique": 0,
    "coverage_stage_warning": "",
    "effective_seed": 18130075023443300966,
    "elapsed_seconds": 1.029783041,
    "ensemble_seeds": 1,
    "estimated_cache_space_coverage_percent": 2.6475429432716315e-8,
    "estimated_close_to_optimal_probability": 0.0,
    "estimated_close_to_optimal_probability_note": "0.0%: no unique candidates were scored in this run.",
    "estimated_run_space_coverage_percent": 0.0,
    "estimated_total_candidate_space": 995424835958784.0,
    "full_cache_hits": 0,
    "full_cache_misses": 5739,
    "full_cache_waits": 0,
    "full_evaluations": 0,
    "full_persistent_cache_entries": 263543,
    "full_persistent_cache_hits": 0,
    "loadout_candidates": 1,
    "loadout_finalists": 1,
    "objective_damage_weight": 0.12820512820512822,
    "objective_enemy_kills_weight": 0.5128205128205129,
    "objective_healing_weight": 0.07692307692307693,
    "objective_invulnerable_seconds_weight": 0.025641025641025644,
    "objective_survival_weight": 0.25641025641025644,
    "popcorn_min_relative_improvement_percent": 1.0,
    "popcorn_window_seconds": null,
    "processed_candidates": 0,
    "scenario_count": 1,
    "search_quality_profile": "fast",
    "search_type_breakdown": [
      {
        "name": "seed_search:portfolio",
        "new_simulations": 5739,
        "persistent_cache_hits": 0,
        "score_requests": 5739
      }
    ],
    "seconds_since_last_significant_improvement": 1.029697208,
    "significant_improvement_events": 0,
    "simulation_counts": {
      "new_full_simulations": 0,
      "total_score_requests": 5739,
      "unique_scored_candidates": 0
    },
    "strategy_summary": "portfolio(beam, hill_climb, genetic, simulated_annealing, mcts, random, greedy)",
    "strict_candidates_skipped_timeout": 1,
    "strict_completion_percent": 0.0,
    "strict_non_finite_candidates": 0,
    "strict_remaining_candidates": 1,
    "strict_seed_scored_candidates": 0,
    "time_budget_seconds": 1.0,
    "timed_out": true,
    "total_candidates": 1,
    "total_run_seconds": 1.375237791,
    "unique_candidate_builds": 1,
    "unique_scored_candidates": 0
  },
  "diverse_top_builds": [
    {
      "items": [
        "Abyssal Mask",
        "Axiom Arc",
        "Black Cleaver",
        "Bloodthirster",
        "Navori Flickerblade",
        "Zaz'Zak's Realmspike"
      ],
      "objective_score": 0.03817616444540917
    }
  ],
  "enemy_derived_combat_stats": [
    {
      "ability_hit_damage": 0.0,
      "armor": 191.60000000000002,
      "attack_damage": 237.5,
      "attack_interval_seconds": 0.3730035265991426,
      "attack_projectile_speed": 0.0,
      "attack_range": 125.0,
      "attack_speed": 2.6809398,
      "burst_magic_damage": 0.0,
      "burst_physical_damage": 0.0,
      "burst_true_damage": 0.0,
      "champion": "Warwick",
      "desired_combat_range": 130.0,
      "magic_resist": 70.94999999999999,
      "max_health": 3501.0,
      "move_speed": 422.40000000000003,
      "physical_hit_damage": 237.5
    },
    {
      "ability_hit_damage": 0.0,
      "armor": 110.39999999999999,
      "attack_damage": 294.65,
      "attack_interval_seconds": 0.15940022769621165,
      "attack_projectile_speed": 2000.0,
      "attack_range": 550.0,
      "attack_speed": 6.273516760000001,
      "burst_magic_damage": 0.0,
      "burst_physical_damage": 0.0,
      "burst_true_damage": 0.0,
      "champion": "Vayne",
      "desired_combat_range": 520.0,
      "magic_resist": 54.7,
      "max_health": 2641.4827586206898,
      "move_speed": 396.78000000000003,
      "physical_hit_damage": 294.65
    },
    {
      "ability_hit_damage": 0.0,
      "armor": 154.8,
      "attack_damage": 122.5,
      "attack_interval_seconds": 0.6198187030293639,
      "attack_projectile_speed": 1600.0,
      "attack_range": 450.0,
      "attack_speed": 1.613375,
      "burst_magic_damage": 0.0,
      "burst_physical_damage": 0.0,
      "burst_true_damage": 0.0,
      "champion": "Morgana",
      "desired_combat_range": 450.0,
      "magic_resist": 54.7,
      "max_health": 3440.4827586206898,
      "move_speed": 387.6,
      "physical_hit_damage": 122.5
    },
    {
      "ability_hit_damage": 0.0,
      "armor": 105.8,
      "attack_damage": 106.0,
      "attack_interval_seconds": 0.5402905466443635,
      "attack_projectile_speed": 1500.0,
      "attack_range": 550.0,
      "attack_speed": 1.850856,
      "burst_magic_damage": 0.0,
      "burst_physical_damage": 0.0,
      "burst_true_damage": 0.0,
      "champion": "Sona",
      "desired_combat_range": 520.0,
      "magic_resist": 54.7,
      "max_health": 2413.4827586206898,
      "move_speed": 387.6,
      "physical_hit_damage": 106.0
    },
    {
      "ability_hit_damage": 0.0,
      "armor": 192.5,
      "attack_damage": 148.5,
      "attack_interval_seconds": 0.6115702984768842,
      "attack_projectile_speed": 0.0,
      "attack_range": 125.0,
      "attack_speed": 1.635135,
      "burst_magic_damage": 0.0,
      "burst_physical_damage": 0.0,
      "burst_true_damage": 0.0,
      "champion": "Dr. Mundo",
      "desired_combat_range": 140.0,
      "magic_resist": 72.69999999999999,
      "max_health": 6479.815457425368,
      "move_speed": 400.0,
      "physical_hit_damage": 148.5
    }
  ],
  "enemy_presets": [
    {
      "champion": "Warwick",
      "items": [
        "Stridebreaker",
        "Mercury's Treads",
        "Blade of the Ruined King",
        "Kraken Slayer",
        "Spirit Visage",
        "Thornmail"
      ],
      "last_checked": "2026-02-15",
      "runes": [
        "Lethal Tempo",
        "Triumph",
        "Legend: Alacrity",
        "Last Stand",
        "Celerity",
        "Waterwalking"
      ],
      "shards": [
        "attack_speed",
        "movement_speed",
        "tenacity"
      ],