{
  "best_build": [
    "Abyssal Mask",
    "Actualizer",
    "Bloodletter's Curse",
    "Umbral Glaive",
    "Unending Despair",
    "Void Staff"
  ],
  "build_orders": [
    {
      "cumulative_score": 3.290758250277973,
      "levels": [
        5,
        8,
        11,
        14,
        17,
        20
      ],
      "ordered_items": [
        "Bloodletter's Curse",
        "Unending Despair",
        "Void Staff",
        "Actualizer",
        "Abyssal Mask",
        "Umbral Glaive"
      ],
      "stage_damage": [
        1373.1149773266816,
        3145.1323714929304,
        4504.081533996633,
        4909.199159608943,
        4983.070840214418,
        4832.222270831923
      ],
      "stage_healing": [
        115.79999999999995,
        207.24969251793664,
        251.2639344262293,
        293.5957295934445,
        343.7308859223299,
        366.6648142731792
      ],
      "stage_objective_scores": [
        0.5041034275689106,
        0.7364929542582059,
        0.5351546252845776,
        0.5195399865190651,
        0.5082877694677259,
        0.4871794871794873
      ],
      "stage_survival_seconds": [
        2.0615966371280576,
        2.3000000000000007,
        3.788833943808779,
        3.778115851721098,
        3.716272679677316,
        3.6619555974089906
      ]
    }
  ],
  "champion_level": 20,
  "controlled_champion_loadout_labels": [],
  "controlled_champion_name": "Vladimir",
  "diagnostics": {
    "adaptive_candidates_injected": 0,
    "best_significant_score": 33.719297976466194,
    "bleed_candidates_injected": 0,
    "candidate_duplicates_pruned": 0,
    "candidate_keys_generated": 128,
    "coverage_stage_assets_covered": 0,
    "coverage_stage_assets_total": 0,
    "coverage_stage_elapsed_seconds": 0.0,
    "coverage_stage_enabled": false,
    "coverage_stage_seed_candidates": 0,
    "coverage_stage_seed_candidates_unique": 0,
    "effective_seed": 17727861846512464062,
    "elapsed_seconds": 1.123188625,
    "ensemble_seeds": 1,
    "estimated_cache_space_coverage_percent": 2.239244912804539e-10,
    "estimated_close_to_optimal_probability": 0.000022289751803294955,
    "estimated_close_to_optimal_probability_note": "Estimated as P(hit top 0.000001% candidate set) = 1 - (1 - q)^n, with q = 0.000001000% (about top 9954248 candidates in the legal space) and n = 2229 unique scored candidates. This is a conservative random-sampling approximation, not a guarantee.",
    "estimated_run_space_coverage_percent": 2.239244912804539e-10,
    "estimated_total_candidate_space": 995424835958784.0,
    "full_cache_hits": 0,
    "full_cache_misses": 2229,
    "full_cache_waits": 0,
    "full_evaluations": 2229,
    "full_persistent_cache_entries": 2229,
    "full_persistent_cache_hits": 0,
    "loadout_candidates": 1,
    "loadout_finalists": 1,
    "objective_damage_weight": 0.12820512820512822,
    "objective_enemy_kills_weight": 0.5128205128205129,
    "objective_healing_weight": 0.07692307692307693,
    "objective_invulnerable_seconds_weight": 0.025641025641025644,
    "objective_survival_weight": 0.25641025641025644,
    "popcorn_min_relative_improvement_percent": 1.0,
    "popcorn_window_seconds": null,
    "processed_candidates": 0,
    "scenario_count": 1,
    "search_quality_profile": "fast",
    "search_type_breakdown": [
      {
        "name": "seed_search:portfolio",
        "new_simulations": 2229,
        "persistent_cache_hits": 0,
        "score_requests": 2229
      }
    ],
    "seconds_since_last_significant_improvement": 0.345576958,
    "significant_improvement_events": 13,
    "simulation_counts": {
      "new_full_simulations": 2229,
      "total_score_requests": 2229,
      "unique_scored_candidates": 2229
    },
    "strategy_summary": "portfolio(beam, hill_climb, genetic, simulated_annealing, mcts, random, greedy)",
    "strict_candidates_skipped_timeout": 128,
    "strict_completion_percent": 0.0,
    "strict_non_finite_candidates": 0,
    "strict_remaining_candidates": 128,
    "strict_seed_scored_candidates": 0,
    "time_budget_seconds": 1.0,
    "timed_out": true,
    "total_candidates": 128,
    "total_run_seconds": 1.653318708,
    "unique_candidate_builds": 128,
    "unique_scored_candidates": 2229
  },
  "diverse_top_builds": [
    {
      "items": [
        "Abyssal Mask",
        "Actualizer",
        "Bloodletter's Curse",
        "Umbral Glaive",
        "Unending Despair",
        "Void Staff"
      ],
      "objective_score": 0.09607999988614382
    }
  ],
  "enemy_derived_combat_stats": [
    {
      "ability_hit_damage": 0.0,
      "armor": 191.60000000000002,
      "attack_damage": 237.5,
      "attack_interval_seconds": 0.3730035265991426,
      "attack_projectile_speed": 0.0,
      "attack_range": 125.0,
      "attack_speed": 2.6809398,
      "burst_magic_damage": 0.0,
      "burst_physical_damage": 0.0,
      "burst_true_damage": 0.0,
      "champion": "Warwick",
      "desired_combat_range": 130.0,
      "magic_resist": 70.94999999999999,
      "max_health": 3501.0,
      "move_speed": 422.40000000000003,
      "physical_hit_damage": 237.5
    },
    {
      "ability_hit_damage": 0.0,
      "armor": 110.39999999999999,
      "attack_damage": 294.65,
      "attack_interval_seconds": 0.15940022769621165,
      "attack_projectile_speed": 2000.0,
      "attack_range": 550.0,
      "attack_speed": 6.273516760000001,
      "burst_magic_damage": 0.0,
      "burst_physical_damage": 0.0,
      "burst_true_damage": 0.0,
      "champion": "Vayne",
      "desired_combat_range": 520.0,
      "magic_resist": 54.7,
      "max_health": 2641.4827586206898,
      "move_speed": 396.78000000000003,
      "physical_hit_damage": 294.65
    },
    {
      "ability_hit_damage": 0.0,
      "armor": 154.8,
      "attack_damage": 122.5,
      "attack_interval_seconds": 0.6198187030293639,
      "attack_projectile_speed": 1600.0,
      "attack_range": 450.0,
      "attack_speed": 1.613375,
      "burst_magic_damage": 0.0,
      "burst_physical_damage": 0.0,
      "burst_true_damage": 0.0,
      "champion": "Morgana",
      "desired_combat_range": 450.0,
      "magic_resist": 54.7,
      "max_health": 3440.4827586206898,
      "move_speed": 387.6,
      "physical_hit_damage": 122.5
    },
    {
      "ability_hit_damage": 0.0,
      "armor": 105.8,
      "attack_damage": 106.0,
      "attack_interval_seconds": 0.5402905466443635,
      "attack_projectile_speed": 1500.0,
      "attack_range": 550.0,
      "attack_speed": 1.850856,
      "burst_magic_damage": 0.0,
      "burst_physical_damage": 0.0,
      "burst_true_damage": 0.0,
      "champion": "Sona",
      "desired_combat_range": 520.0,
      "magic_resist": 54.7,
      "max_health": 2413.4827586206898,
      "move_speed": 387.6,
      "physical_hit_damage": 106.0
    },
    {
      "ability_hit_damage": 0.0,
      "armor": 192.5,
      "attack_damage": 148.5,
      "attack_interval_seconds": 0.6115702984768842,
      "attack_projectile_speed": 0.0,
      "attack_range": 125.0,
      "attack_speed": 1.635135,
      "burst_magic_damage": 0.0,
      "burst_physical_damage": 0.0,
      "burst_true_damage": 0.0,
      "champion": "Dr. Mundo",
      "desired_combat_range": 140.0,
      "magic_resist": 72.69999999999999,
      "max_health": 6479.815457425368,
      "move_speed": 400.0,
      "physical_hit_damage": 148.5
    }
  ],
  "enemy_presets": [
    {
      "champion": "Warwick",
      "items": [
        "Stridebreaker",
        "Mercury's Treads",
        "Blade of the Ruined King",
        "Kraken Slayer",
        "Spirit Visage",
        "Thornmail"
      ],
      "last_checked": "2026-02-15",
      "runes": [
        "Lethal Tempo",
        "Triumph",
        "Legend: Alacrity",
        "Last Stand",
        "Celerity",
        "Waterwalking"
      ],
      "shards": [
        "attack_speed",
        "movement_speed",
        "tenacity"
      ],