{
  "best_build": [
    "Abyssal Mask",
    "Actualizer",
    "Endless Hunger",
    "Kaenic Rookern",
    "Spear of Shojin",
    "Youmuu's Ghostblade"
  ],
  "build_orders": [
    {
      "cumulative_score": 3.0870107052830003,
      "levels": [
        5,
        8,
        11,
        14,
        17,
        20
      ],
      "ordered_items": [
        "Spear of Shojin",
        "Kaenic Rookern",
        "Actualizer",
        "Abyssal Mask",
        "Endless Hunger",
        "Youmuu's Ghostblade"
      ],
      "stage_damage": [
        3582.964356110151,
        3867.673558342328,
        5290.453739688431,
        5388.132497088485,
        5218.922461058951,
        5060.456864352993
      ],
      "stage_healing": [
        121.83620689655163,
        207.24776457005515,
        250.41370830977985,
        301.02192366627924,
        324.35810595915655,
        347.7960136559391
      ],
      "stage_objective_scores": [
        0.4949419157451057,
        0.5481283927562898,
        0.5563569913780819,
        0.5132244310445483,
        0.4871794871794873,
        0.4871794871794873
      ],
      "stage_survival_seconds": [
        2.0615966371280576,
        2.3000000000000007,
        3.788833943808779,
        3.778115851721098,
        3.716272679677316,
        3.6619555974089906
      ]
    }
  ],
  "champion_level": 20,
  "controlled_champion_loadout_labels": [
    "Rune: Arcane Comet",
    "Rune: Nimbus Cloak",
    "Rune: Transcendence",
    "Rune: Gathering Storm",
    "Rune: Shield Bash",
    "Rune: Overgrowth",
    "Shard 1: attack_speed",
    "Shard 2: health"
  ],
  "controlled_champion_name": "Vladimir",
  "diagnostics": {
    "adaptive_candidates_injected": 0,
    "best_significant_score": 0.4797932516815887,
    "bleed_candidates_injected": 0,
    "candidate_duplicates_pruned": 0,
    "candidate_keys_generated": 92,
    "coverage_stage_assets_covered": 0,
    "coverage_stage_assets_total": 0,
    "coverage_stage_elapsed_seconds": 0.0,
    "coverage_stage_enabled": false,
    "coverage_stage_incomplete": false,
    "coverage_stage_seed_candidates": 0,
    "coverage_stage_seed_candidates_unique": 0,
    "coverage_stage_warning": "",
    "effective_seed": 42,
    "effective_threads": 9,
    "elapsed_seconds": 1.146391833,
    "ensemble_seeds": 1,
    "estimated_cache_space_coverage_percent": 1.220785292974462e-9,
    "estimated_close_to_optimal_probability": 0.000018689825530437965,
    "estimated_close_to_optimal_probability_note": "Estimated as P(hit top 0.000001% candidate set) = 1 - (1 - q)^n, with q = 0.000001000% (about top 9954248 candidates in the legal space) and n = 1869 unique scored candidates. This is a conservative random-sampling approximation, not a guarantee.",
    "estimated_run_space_coverage_percent": 1.877590283549432e-10,
    "estimated_total_candidate_space": 995424835958784.0,
    "full_cache_hits": 0,
    "full_cache_misses": 6138,
    "full_cache_waits": 0,
    "full_evaluations": 632,
    "full_persistent_cache_entries": 12152,
    "full_persistent_cache_hits": 1538,
    "loadout_candidates": 1,
    "loadout_finalists": 1,
    "objective_damage_weight": 0.12820512820512822,
    "objective_enemy_kills_weight": 0.5128205128205129,
    "objective_healing_weight": 0.07692307692307693,
    "objective_invulnerable_seconds_weight": 0.025641025641025644,
    "objective_survival_weight": 0.25641025641025644,
    "popcorn_min_relative_improvement_percent": 1.0,
    "popcorn_window_seconds": null,
    "portfolio_strategy_parallel": true,
    "processed_candidates": 0,
    "scenario_count": 1,
    "search_quality_profile": "fast",
    "search_type_breakdown": [
      {
        "name": "seed_search:portfolio",
        "new_simulations": 6138,
        "persistent_cache_hits": 1538,
        "score_requests": 7676
      }
    ],
    "seconds_since_last_significant_improvement": 0.501564292,
    "seed_orchestration_parallel": false,
    "significant_improvement_events": 15,
    "simulation_counts": {
      "new_full_simulations": 632,
      "total_score_requests": 7676,
      "unique_scored_candidates": 1869
    },
    "strategy_elites_parallel": true,
    "strategy_summary": "portfolio(beam, hill_climb, genetic, simulated_annealing, mcts, random, greedy)",
    "strict_candidates_skipped_timeout": 92,
    "strict_completion_percent": 0.0,
    "strict_non_finite_candidates": 0,
    "strict_remaining_candidates": 92,
    "strict_seed_scored_candidates": 0,
    "time_budget_seconds": 1.0,
    "timed_out": true,
    "total_candidates": 92,
    "total_run_seconds": 1.532553958,
    "unique_candidate_builds": 92,
    "unique_scored_candidates": 1869
  },
  "diverse_top_builds": [
    {
      "items": [
        "Abyssal Mask",
        "Actualizer",
        "Endless Hunger",
        "Kaenic Rookern",
        "Spear of Shojin",
        "Youmuu's Ghostblade"
      ],
      "objective_score": 0.04611539546680136
    }
  ],
  "enemy_derived_combat_stats": [
    {
      "ability_hit_damage": 0.0,
      "armor": 191.60000000000002,
      "attack_damage": 237.5,
      "attack_interval_seconds": 0.3730035265991426,
      "attack_projectile_speed": 0.0,
      "attack_range": 125.0,
      "attack_speed": 2.6809398,
      "burst_magic_damage": 0.0,
      "burst_physical_damage": 0.0,
      "burst_true_damage": 0.0,
      "champion": "Warwick",
      "desired_combat_range": 130.0,
      "magic_resist": 70.94999999999999,
      "max_health": 3501.0,
      "move_speed": 422.40000000000003,
      "physical_hit_damage": 237.5
    },
    {
      "ability_hit_damage": 0.0,
      "armor": 110.39999999999999,
      "attack_damage": 294.65,
      "attack_interval_seconds": 0.15940022769621165,
      "attack_projectile_speed": 2000.0,
      "attack_range": 550.0,
      "attack_speed": 6.273516760000001,
      "burst_magic_damage": 0.0,
      "burst_physical_damage": 0.0,
      "burst_true_damage": 0.0,
      "champion": "Vayne",
      "desired_combat_range": 520.0,
      "magic_resist": 54.7,
      "max_health": 2641.4827586206898,
      "move_speed": 396.78000000000003,
      "physical_hit_damage": 294.65
    },
    {
      "ability_hit_damage": 0.0,
      "armor": 154.8,
      "attack_damage": 122.5,
      "attack_interval_seconds": 0.6198187030293639,
      "attack_projectile_speed": 1600.0,
      "attack_range": 450.0,
      "attack_speed": 1.613375,
      "burst_magic_damage": 0.0,
      "burst_physical_damage": 0.0,
      "burst_true_damage": 0.0,
      "champion": "Morgana",
      "desired_combat_range": 450.0,
      "magic_resist": 54.7,
      "max_health": 3440.4827586206898,
      "move_speed": 387.6,
      "physical_hit_damage": 122.5
    },
    {
      "ability_hit_damage": 0.0,
      "armor": 105.8,
      "attack_damage": 106.0,
      "attack_interval_seconds": 0.5402905466443635,
      "attack_projectile_speed": 1500.0,
      "attack_range": 550.0,
      "attack_speed": 1.850856,
      "burst_magic_damage": 0.0,
      "burst_physical_damage": 0.0,
      "burst_true_damage": 0.0,
      "champion": "Sona",
      "desired_combat_range": 520.0,
      "magic_resist": 54.7,
      "max_health": 2413.4827586206898,
      "move_speed": 387.6,
      "physical_hit_damage": 106.0
    },
    {
      "ability_hit_damage": 0.0,
      "armor": 192.5,
      "attack_damage": 148.5,
      "attack_interval_seconds": 0.6115702984768842,
      "attack_projectile_speed": 0.0,
      "attack_range": 125.0,
      "attack_speed": 1.635135,
      "burst_magic_damage": 0.0,
      "burst_physical_damage": 0.0,
      "burst_true_damage": 0.0,
      "champion": "Dr. Mundo",
      "desired_combat_range": 140.0,
      "magic_resist": 72.69999999999999,
      "max_health": 6479.815457425368,
      "move_speed": 400.0,
      "physical_hit_damage": 148.5
    }
  ],
  "enemy_presets": [
    {
      "champion": "Warwick",