{
  "best_build": [
    "Bloodletter's Curse",
    "Guardian Angel",
    "Heartsteel",
    "Liandry's Torment",
    "Warmog's Armor",
    "Zhonya's Hourglass"
  ],
  "build_orders": [
    {
      "cumulative_score": 634.9276134625335,
      "levels": [
        5,
        8,
        11,
        14,
        17,
        20
      ],
      "ordered_items": [
        "Guardian Angel",
        "Heartsteel",
        "Zhonya's Hourglass",
        "Warmog's Armor",
        "Liandry's Torment",
        "Bloodletter's Curse"
      ],
      "stage_damage": [
        3248.4105414632622,
        3049.2688495777575,
        7863.535389056864,
        9555.317490711472,
        11949.256144417854,
        13305.396739905125
      ],
      "stage_healing": [
        380.1504821445704,
        512.7483530913642,
        1282.9542954628569,
        1751.3994261981907,
        1981.4798226788164,
        2225.1997885954506
      ],
      "stage_objective_scores": [
        629.8167064810975,
        0.4999844725697569,
        0.8739747152074584,
        1.3647487334506245,
        1.3684304431845786,
        1.0037686170235645
      ],
      "stage_survival_seconds": [
        6.58034739901278,
        6.999999999999991,
        13.321091253764923,
        13.551792586565472,
        13.555987603317543,
        14.062419532276262
      ]
    },
    {
      "cumulative_score": 6.19064610920249,
      "levels": [
        5,
        8,
        11,
        14,
        17,
        20
      ],
      "ordered_items": [
        "Heartsteel",
        "Guardian Angel",
        "Zhonya's Hourglass",
        "Warmog's Armor",
        "Liandry's Torment",
        "Morellonomicon"
      ],
      "stage_damage": [
        1366.8875270053622,
        3092.39301304746,
        8003.504310745919,
        9702.835178088364,
        12083.110742301396,
        13480.421908081078
      ],
      "stage_healing": [
        0.0,
        523.9498297556901,
        1318.871323874967,
        1798.9099509416137,
        2034.0519820178524,
        2268.7354184911483
      ],
      "stage_objective_scores": [
        0.07711746931547978,
        0.49067308106720037,
        0.8434832070054921,
        1.3670250564558108,
        1.8817533580554309,
        1.5305939373030761
      ],
      "stage_survival_seconds": [
        0.5946320776552745,
        6.999999999999991,
        13.321091253764923,
        13.551792586565472,
        13.555987603317543,
        14.839459507498029
      ]
    },
    {
      "cumulative_score": 634.9477515863366,
      "levels": [
        5,
        8,
        11,
        14,
        17,
        20
      ],
      "ordered_items": [
        "Guardian Angel",
        "Heartsteel",
        "Zhonya's Hourglass",
        "Warmog's Armor",
        "Liandry's Torment",
        "Cosmic Drive"
      ],
      "stage_damage": [
        3248.4105414632622,
        3049.2688495777575,
        7863.535389056864,
        9555.317490711472,
        11949.256144417854,
        13275.00772889495
      ],
      "stage_healing": [
        380.1504821445704,
        512.7483530913642,
        1282.9542954628569,
        1751.3994261981907,
        1981.4798226788164,
        2206.50128600044
      ],
      "stage_objective_scores": [
        629.8167064810975,
        0.5017643689360433,
        0.8886903494788263,
        1.3668060896971317,
        1.3700232977452849,
        1.0037609993818442
      ],
      "stage_survival_seconds": [
        6.58034739901278,
        6.999999999999991,
        13.321091253764923,
        13.551792586565472,
        13.555987603317543,
        14.062419532276262
      ]
    }
  ],
  "champion_level": 20,
  "controlled_champion_loadout_labels": [
    "Rune: Aftershock",
    "Rune: Demolish",
    "Rune: Second Wind",
    "Rune: Revitalize",
    "Rune: Triumph",
    "Rune: Coup de Grace",
    "Shard 1: ability_haste",
    "Shard 2: movement_speed",
    "Shard 3: health"
  ],
  "controlled_champion_name": "Vladimir",
  "controlled_champion_unmodeled_runes": [
    "Aftershock",
    "Demolish",
    "Revitalize",
    "Coup de Grace"
  ],
  "diagnostics": {
    "adaptive_candidates_injected": 2570,
    "best_significant_score": 0.4078245092867606,
    "bleed_candidates_injected": 1816,
    "candidate_duplicates_pruned": 417,
    "candidate_keys_generated": 17729,
    "coverage_stage_assets_covered": 181,
    "coverage_stage_assets_total": 181,
    "coverage_stage_elapsed_seconds": 6.837775583,
    "coverage_stage_enabled": true,
    "coverage_stage_incomplete": false,
    "coverage_stage_seed_candidates": 543,
    "coverage_stage_seed_candidates_unique": 543,
    "coverage_stage_warning": "",
    "effective_seed": 17153168798231823016,
    "effective_threads": 9,
    "elapsed_seconds": 648.879147334,
    "ensemble_seeds": 8,
    "estimated_cache_space_coverage_percent": 3.517202779683272e-7,
    "estimated_close_to_optimal_probability": 0.03430765636826205,
    "estimated_close_to_optimal_probability_note": "Estimated as P(hit top 0.000001% candidate set) = 1 - (1 - q)^n, with q = 0.000001000% (about top 9954248 candidates in the legal space) and n = 3490998 unique scored candidates. This is a conservative random-sampling approximation, not a guarantee.",
    "estimated_run_space_coverage_percent": 3.5070432983897805e-7,
    "estimated_total_candidate_space": 995424835958784.0,
    "full_cache_hits": 125678,
    "full_cache_misses": 4427789,
    "full_cache_waits": 1,
    "full_evaluations": 3490998,
    "full_persistent_cache_entries": 3501111,
    "full_persistent_cache_hits": 2378712,
    "loadout_candidates": 1,
    "loadout_finalists": 1,
    "objective_damage_weight": 0.12820512820512822,
    "objective_enemy_kills_weight": 0.5128205128205129,
    "objective_healing_weight": 0.07692307692307693,
    "objective_invulnerable_seconds_weight": 0.025641025641025644,
    "objective_survival_weight": 0.25641025641025644,
    "popcorn_min_relative_improvement_percent": 1.0,
    "popcorn_window_seconds": 600.0,
    "portfolio_strategy_parallel": true,
    "processed_candidates": 12589,
    "scenario_count": 1,
    "search_quality_profile": "maximum_quality",
    "search_type_breakdown": [
      {
        "name": "seed_search:portfolio",
        "new_simulations": 1756784,
        "persistent_cache_hits": 1089256,
        "score_requests": 2882041
      },
      {
        "name": "strategy_elites",
        "new_simulations": 1740187,
        "persistent_cache_hits": 950939,
        "score_requests": 2736779
      },
      {
        "name": "adaptive_search",
        "new_simulations": 920706,
        "persistent_cache_hits": 338517,
        "score_requests": 1303247
      },
      {
        "name": "coverage_stage",
        "new_simulations": 10112,
        "persistent_cache_hits": 0,
        "score_requests": 10112
      }
    ],
    "seconds_since_last_significant_improvement": 522.255576333,
    "seed_orchestration_parallel": true,
    "significant_improvement_events": 24,
    "simulation_counts": {
      "new_full_simulations": 3490998,
      "total_score_requests": 6932179,
      "unique_scored_candidates": 3490998
    },
    "strategy_elites_parallel": true,
    "strategy_summary": "portfolio(beam, hill_climb, genetic, simulated_annealing, mcts, random, greedy)",
    "strict_candidates_skipped_timeout": 4723,
    "strict_completion_percent": 72.71834565619224,
    "strict_heuristic_ordering_enabled": true,
    "strict_non_finite_candidates": 0,
    "strict_random_promotions_done": 1,
    "strict_ranking_rune_signal_weight": 0.3,
    "strict_ranking_shard_signal_weight": 0.2,
    "strict_remaining_candidates": 4723,
    "strict_seed_scored_candidates": 12589,
    "time_budget_seconds": 600.0,
    "timed_out": true,
    "total_candidates": 17312,
    "total_run_seconds": 655.262536834,
    "unique_candidate_builds": 17312,
    "unique_scored_candidates": 3490998
  },