{
  "best_build": [
    "Bloodletter's Curse",
    "Guardian Angel",
    "Kaenic Rookern",
    "Overlord's Bloodmail",
    "Warmog's Armor",
    "Zhonya's Hourglass"
  ],
  "build_orders": [
    {
      "cumulative_score": 11.680091797047757,
      "levels": [
        5,
        8,
        11,
        14,
        17,
        20
      ],
      "ordered_items": [
        "Guardian Angel",
        "Zhonya's Hourglass",
        "Bloodletter's Curse",
        "Overlord's Bloodmail",
        "Kaenic Rookern",
        "Warmog's Armor"
      ],
      "stage_damage": [
        5853.771370967685,
        8606.544871275213,
        10078.369390364627,
        11169.964693211567,
        11950.357665955886,
        13374.503662802465
      ],
      "stage_healing": [
        497.2421738165674,
        830.9928929613012,
        1036.0781732503897,
        1311.7277235613326,
        1516.73311732213,
        1858.349959610693
      ],
      "stage_objective_scores": [
        2.764521402532685,
        2.2246912292464547,
        2.237596038066622,
        1.7335393052476098,
        1.7197438219543866,
        1.0
      ],
      "stage_survival_seconds": [
        9.199999999999983,
        13.799999999999967,
        16.09999999999996,
        16.09999999999996,
        16.09999999999996,
        16.09999999999996
      ]
    }
  ],
  "champion_level": 20,
  "controlled_champion_loadout_labels": [
    "Rune: Unsealed Spellbook",
    "Rune: Magical Footwear",
    "Rune: Biscuit Delivery",
    "Rune: Approach Velocity",
    "Rune: Triumph",
    "Rune: Legend: Bloodline",
    "Shard 1: attack_speed",
    "Shard 2: health"
  ],
  "controlled_champion_name": "Vladimir",
  "diagnostics": {
    "adaptive_candidates_injected": 3285,
    "best_significant_score": 44.98501464348908,
    "bleed_candidates_injected": 1849,
    "candidate_duplicates_pruned": 601,
    "candidate_keys_generated": 18477,
    "coverage_stage_assets_covered": 181,
    "coverage_stage_assets_total": 181,
    "coverage_stage_elapsed_seconds": 4.483859291,
    "coverage_stage_enabled": true,
    "coverage_stage_incomplete": false,
    "coverage_stage_seed_candidates": 543,
    "coverage_stage_seed_candidates_unique": 543,
    "coverage_stage_warning": "",
    "effective_seed": 15540744735400828093,
    "effective_threads": 9,
    "elapsed_seconds": 544.086718709,
    "ensemble_seeds": 8,
    "estimated_cache_space_coverage_percent": 7.045018113542797e-7,
    "estimated_close_to_optimal_probability": 0.0436361484147999,
    "estimated_close_to_optimal_probability_note": "Estimated as P(hit top 0.000001% candidate set) = 1 - (1 - q)^n, with q = 0.000001000% (about top 9954248 candidates in the legal space) and n = 4461684 unique scored candidates. This is a conservative random-sampling approximation, not a guarantee.",
    "estimated_run_space_coverage_percent": 4.482190757981789e-7,
    "estimated_total_candidate_space": 995424835958784.0,
    "full_cache_hits": 317946,
    "full_cache_misses": 4486655,
    "full_cache_waits": 161,
    "full_evaluations": 4458913,
    "full_persistent_cache_entries": 7012786,
    "full_persistent_cache_hits": 3336026,
    "loadout_candidates": 1,
    "loadout_finalists": 1,
    "objective_damage_weight": 0.12820512820512822,
    "objective_enemy_kills_weight": 0.5128205128205129,
    "objective_healing_weight": 0.07692307692307693,
    "objective_invulnerable_seconds_weight": 0.025641025641025644,
    "objective_survival_weight": 0.25641025641025644,
    "popcorn_min_relative_improvement_percent": 1.0,
    "popcorn_window_seconds": 600.0,
    "portfolio_strategy_parallel": true,
    "processed_candidates": 17876,
    "scenario_count": 1,
    "search_quality_profile": "maximum_quality",
    "search_type_breakdown": [
      {
        "name": "adaptive_search",
        "new_simulations": 1804282,
        "persistent_cache_hits": 1291200,
        "score_requests": 3148468
      },
      {
        "name": "seed_search:portfolio",
        "new_simulations": 1347461,
        "persistent_cache_hits": 1063211,
        "score_requests": 2534336
      },
      {
        "name": "strategy_elites",
        "new_simulations": 1323400,
        "persistent_cache_hits": 977662,
        "score_requests": 2442358
      },
      {
        "name": "coverage_stage",
        "new_simulations": 10103,
        "persistent_cache_hits": 0,
        "score_requests": 10103
      },
      {
        "name": "strict_full_ranking",
        "new_simulations": 1409,
        "persistent_cache_hits": 3953,
        "score_requests": 5362
      }
    ],
    "seconds_since_last_significant_improvement": 216.037592917,
    "seed_orchestration_parallel": true,
    "significant_improvement_events": 15,
    "simulation_counts": {
      "new_full_simulations": 4458913,
      "total_score_requests": 8140627,
      "unique_scored_candidates": 4461684
    },
    "strategy_elites_parallel": true,
    "strategy_summary": "portfolio(beam, hill_climb, genetic, simulated_annealing, mcts, random, greedy)",
    "strict_candidates_skipped_timeout": 0,
    "strict_completion_percent": 100.0,
    "strict_non_finite_candidates": 0,
    "strict_remaining_candidates": 5362,
    "strict_seed_scored_candidates": 12514,
    "time_budget_seconds": 600.0,
    "timed_out": false,
    "total_candidates": 17876,
    "total_run_seconds": 545.288790834,
    "unique_candidate_builds": 17876,
    "unique_scored_candidates": 4461684
  },
  "diverse_top_builds": [
    {
      "items": [
        "Bloodletter's Curse",
        "Guardian Angel",
        "Kaenic Rookern",
        "Overlord's Bloodmail",
        "Warmog's Armor",
        "Zhonya's Hourglass"
      ],
      "objective_score": 44.98501464348908
    }
  ],
  "enemy_derived_combat_stats": [
    {
      "ability_hit_damage": 0.0,
      "armor": 191.60000000000002,
      "attack_damage": 237.5,
      "attack_interval_seconds": 0.3730035265991426,
      "attack_projectile_speed": 0.0,
      "attack_range": 125.0,
      "attack_speed": 2.6809398,
      "burst_magic_damage": 0.0,
      "burst_physical_damage": 0.0,
      "burst_true_damage": 0.0,
      "champion": "Warwick",
      "desired_combat_range": 130.0,
      "magic_resist": 70.94999999999999,
      "max_health": 3501.0,
      "move_speed": 422.40000000000003,
      "physical_hit_damage": 237.5
    },
    {
      "ability_hit_damage": 0.0,
      "armor": 110.39999999999999,
      "attack_damage": 294.65,
      "attack_interval_seconds": 0.15940022769621165,
      "attack_projectile_speed": 2000.0,
      "attack_range": 550.0,
      "attack_speed": 6.273516760000001,
      "burst_magic_damage": 0.0,
      "burst_physical_damage": 0.0,
      "burst_true_damage": 0.0,
      "champion": "Vayne",
      "desired_combat_range": 520.0,
      "magic_resist": 54.7,
      "max_health": 2641.4827586206898,
      "move_speed": 396.78000000000003,
      "physical_hit_damage": 294.65
    },
    {
      "ability_hit_damage": 0.0,
      "armor": 154.8,
      "attack_damage": 122.5,
      "attack_interval_seconds": 0.6198187030293639,
      "attack_projectile_speed": 1600.0,
      "attack_range": 450.0,
      "attack_speed": 1.613375,
      "burst_magic_damage": 0.0,
      "burst_physical_damage": 0.0,
      "burst_true_damage": 0.0,
      "champion": "Morgana",
      "desired_combat_range": 450.0,
      "magic_resist": 54.7,
      "max_health": 3440.4827586206898,
      "move_speed": 387.6,
      "physical_hit_damage": 122.5
    },
    {
      "ability_hit_damage": 0.0,
      "armor": 105.8,
      "attack_damage": 106.0,
      "attack_interval_seconds": 0.5402905466443635,
      "attack_projectile_speed": 1500.0,
      "attack_range": 550.0,
      "attack_speed": 1.850856,
      "burst_magic_damage": 0.0,
      "burst_physical_damage": 0.0,
      "burst_true_damage": 0.0,
      "champion": "Sona",
      "desired_combat_range": 520.0,
      "magic_resist": 54.7,
      "max_health": 2413.4827586206898,
      "move_speed": 387.6,