{
  "best_build": [
    "Heartsteel",
    "Morellonomicon",
    "Protoplasm Harness",
    "Rylai's Crystal Scepter",
    "Warmog's Armor",
    "Winter's Approach"
  ],
  "build_orders": [
    {
      "cumulative_score": 25.28270133354325,
      "levels": [
        5,
        8,
        11,
        14,
        17,
        20
      ],
      "ordered_items": [
        "Protoplasm Harness",
        "Rylai's Crystal Scepter",
        "Winter's Approach",
        "Morellonomicon",
        "Warmog's Armor",
        "Heartsteel"
      ],
      "stage_damage": [
        177804.4999034246,
        204585.29010008188,
        231740.25951634062,
        255239.87049339782,
        291067.41970486264,
        318188.26634413877
      ],
      "stage_healing": [
        54225.03646484297,
        66006.6965765787,
        73896.64914477471,
        81823.81147166944,
        94754.30654577645,
        105703.00577661059
      ],
      "stage_objective_scores": [
        17.60550475230902,
        2.8847813317059083,
        1.3536495600362122,
        1.451516985654012,
        0.9973078659500081,
        0.9899408378880867
      ],
      "stage_survival_seconds": [
        1200.0,
        1200.0,
        1200.0,
        1200.0,
        1200.0,
        1200.0
      ]
    },
    {
      "cumulative_score": 23.46299946021287,
      "levels": [
        5,
        8,
        11,
        14,
        17,
        20
      ],
      "ordered_items": [
        "Protoplasm Harness",
        "Heartsteel",
        "Warmog's Armor",
        "Winter's Approach",
        "Morellonomicon",
        "Riftmaker"
      ],
      "stage_damage": [
        177804.4999034246,
        73288.69753612432,
        237762.05558609977,
        264973.04416586255,
        292716.32938245684,
        320528.54176444816
      ],
      "stage_healing": [
        54225.03646484297,
        22752.8279221162,
        79249.50032283294,
        88818.46435072363,
        97268.58737771648,
        106838.23362604529
      ],
      "stage_objective_scores": [
        17.60550475230902,
        1.0076067458571911,
        1.373346300206288,
        1.4848875026994994,
        0.9999951007413962,
        0.991659058399475
      ],
      "stage_survival_seconds": [
        1200.0,
        410.2000000001029,
        1200.0,
        1200.0,
        1200.0,
        1200.0
      ]
    }
  ],
  "champion_level": 20,
  "controlled_champion_loadout_labels": [
    "Rune: Unsealed Spellbook",
    "Rune: Hextech Flashtraption",
    "Rune: Triple Tonic",
    "Rune: Jack Of All Trades",
    "Rune: Triumph",
    "Rune: Cut Down",
    "Shard 1: attack_speed",
    "Shard 2: health"
  ],
  "controlled_champion_name": "Vladimir",
  "diagnostics": {
    "adaptive_candidates_injected": 0,
    "best_significant_score": 46.14050878543166,
    "bleed_candidates_injected": 1840,
    "candidate_duplicates_pruned": 420,
    "candidate_keys_generated": 5583,
    "coverage_stage_assets_covered": 181,
    "coverage_stage_assets_total": 181,
    "coverage_stage_elapsed_seconds": 9.485106667,
    "coverage_stage_enabled": true,
    "coverage_stage_incomplete": false,
    "coverage_stage_seed_candidates": 543,
    "coverage_stage_seed_candidates_unique": 543,
    "coverage_stage_warning": "",
    "effective_seed": 13845328595312065070,
    "elapsed_seconds": 611.448755541,
    "ensemble_seeds": 8,
    "estimated_cache_space_coverage_percent": 2.5459682222605654e-8,
    "estimated_close_to_optimal_probability": 0.002430282095487901,
    "estimated_close_to_optimal_probability_note": "Estimated as P(hit top 0.000001% candidate set) = 1 - (1 - q)^n, with q = 0.000001000% (about top 9954248 candidates in the legal space) and n = 243324 unique scored candidates. This is a conservative random-sampling approximation, not a guarantee.",
    "estimated_run_space_coverage_percent": 2.44442363913527e-8,
    "estimated_total_candidate_space": 995424835958784.0,
    "full_cache_hits": 17536,
    "full_cache_misses": 261032,
    "full_cache_waits": 0,
    "full_evaluations": 242936,
    "full_persistent_cache_entries": 253432,
    "full_persistent_cache_hits": 127336,
    "loadout_candidates": 1,
    "loadout_finalists": 1,
    "objective_damage_weight": 0.12820512820512822,
    "objective_enemy_kills_weight": 0.5128205128205129,
    "objective_healing_weight": 0.07692307692307693,
    "objective_invulnerable_seconds_weight": 0.025641025641025644,
    "objective_survival_weight": 0.25641025641025644,
    "popcorn_min_relative_improvement_percent": 1.0,
    "popcorn_window_seconds": 600.0,
    "processed_candidates": 1600,
    "scenario_count": 1,
    "search_quality_profile": "maximum_quality",
    "search_type_breakdown": [
      {
        "name": "seed_search:portfolio",
        "new_simulations": 250922,
        "persistent_cache_hits": 127336,
        "score_requests": 395794
      },
      {
        "name": "coverage_stage",
        "new_simulations": 10110,
        "persistent_cache_hits": 0,
        "score_requests": 10110
      }
    ],
    "seconds_since_last_significant_improvement": 576.378314208,
    "significant_improvement_events": 15,
    "simulation_counts": {
      "new_full_simulations": 242936,
      "total_score_requests": 405904,
      "unique_scored_candidates": 243324
    },
    "strategy_summary": "portfolio(beam, hill_climb, genetic, simulated_annealing, mcts, random, greedy)",
    "strict_candidates_skipped_timeout": 3563,
    "strict_completion_percent": 30.989734650397057,
    "strict_non_finite_candidates": 0,
    "strict_remaining_candidates": 3563,
    "strict_seed_scored_candidates": 1600,
    "time_budget_seconds": 600.0,
    "timed_out": true,
    "total_candidates": 5163,
    "total_run_seconds": 680.38869475,
    "unique_candidate_builds": 5163,
    "unique_scored_candidates": 243324
  },
  "diverse_top_builds": [
    {
      "items": [
        "Heartsteel",
        "Morellonomicon",
        "Protoplasm Harness",
        "Rylai's Crystal Scepter",
        "Warmog's Armor",
        "Winter's Approach"
      ],
      "objective_score": 46.74781299000706
    },
    {
      "items": [
        "Cosmic Drive",
        "Heartsteel",
        "Protoplasm Harness",
        "Rylai's Crystal Scepter",
        "Warmog's Armor",
        "Winter's Approach"
      ],
      "objective_score": 46.74613342285439
    },
    {
      "items": [
        "Heartsteel",
        "Protoplasm Harness",
        "Riftmaker",
        "Rylai's Crystal Scepter",
        "Warmog's Armor",
        "Winter's Approach"
      ],
      "objective_score": 46.74613342285439
    },
    {
      "items": [
        "Dusk and Dawn",
        "Heartsteel",
        "Protoplasm Harness",
        "Rylai's Crystal Scepter",
        "Warmog's Armor",
        "Winter's Approach"
      ],
      "objective_score": 46.74613342285439
    },
    {
      "items": [
        "Dusk and Dawn",
        "Heartsteel",
        "Morellonomicon",
        "Protoplasm Harness",
        "Warmog's Armor",
        "Winter's Approach"
      ],
      "objective_score": 46.73794021834173
    },
    {
      "items": [
        "Cosmic Drive",
        "Heartsteel",
        "Morellonomicon",
        "Protoplasm Harness",
        "Warmog's Armor",
        "Winter's Approach"
      ],
      "objective_score": 46.73794021834173
    },
    {
      "items": [
        "Heartsteel",
        "Morellonomicon",
        "Protoplasm Harness",
        "Riftmaker",
        "Warmog's Armor",
        "Winter's Approach"
      ],
      "objective_score": 46.73794021834173
    },
    {
      "items": [
        "Cosmic Drive",
        "Dusk and Dawn",
        "Heartsteel",
        "Protoplasm Harness",
        "Warmog's Armor",
        "Winter's Approach"
      ],
      "objective_score": 46.736260651189134
    }
  ],
  "enemy_derived_combat_stats": [
    {
      "ability_hit_damage": 0.0,
      "armor": 191.60000000000002,
      "attack_damage": 237.5,
      "attack_interval_seconds": 0.3730035265991426,