{
  "best_build": [
    "Blade of the Ruined King",
    "Guardian Angel",
    "Guinsoo's Rageblade",
    "Heartsteel",
    "Infinity Edge",
    "Zhonya's Hourglass"
  ],
  "best_rune_proc_telemetry": [
    {
      "attempt_count": 12,
      "bonus_damage": 317.74411287153566,
      "bonus_damage_share": 0.041842891637275254,
      "bonus_healing": 0.0,
      "bonus_healing_share": 0.0,
      "eligible_count": 2,
      "opportunity_count": 2,
      "proc_attempt_rate": 0.16666666666666666,
      "proc_count": 2,
      "proc_eligible_rate": 1.0,
      "proc_opportunity_rate": 1.0,
      "rune_name": "Arcane Comet",
      "source_breakdown": [
        {
          "attempt_count": 12,
          "bonus_damage": 317.74411287153566,
          "bonus_healing": 0.0,
          "eligible_count": 2,
          "opportunity_count": 2,
          "proc_attempt_rate": 0.16666666666666666,
          "proc_count": 2,
          "proc_eligible_rate": 1.0,
          "proc_opportunity_rate": 1.0,
          "source": "ability"
        }
      ]
    }
  ],
  "build_orders": [
    {
      "cumulative_score": 635.3584647684481,
      "levels": [
        5,
        8,
        11,
        14,
        17,
        20
      ],
      "ordered_items": [
        "Guardian Angel",
        "Zhonya's Hourglass",
        "Blade of the Ruined King",
        "Heartsteel",
        "Guinsoo's Rageblade",
        "Infinity Edge"
      ],
      "stage_damage": [
        3261.9886131245007,
        2886.1131376130793,
        5192.101765432063,
        7695.77114671276,
        6703.312121963641,
        6930.927570011268
      ],
      "stage_healing": [
        380.89089603022296,
        404.92765733424744,
        829.2418335177067,
        1208.879975715327,
        1235.6787952429581,
        1241.7546826384046
      ],
      "stage_objective_scores": [
        631.614439813486,
        0.5151301677983499,
        0.9552515713548768,
        0.9460152068254544,
        0.8404485218040068,
        0.4871794871794873
      ],
      "stage_survival_seconds": [
        6.58034739901278,
        6.4039010938477325,
        11.499999999999975,
        13.357767308245878,
        13.313201463089818,
        13.10364601413674
      ]
    }
  ],
  "champion_level": 20,
  "controlled_champion_loadout_labels": [
    "Rune: Arcane Comet",
    "Rune: Nimbus Cloak",
    "Rune: Celerity",
    "Rune: Gathering Storm",
    "Rune: Magical Footwear",
    "Rune: Jack Of All Trades",
    "Shard 1: ability_haste",
    "Shard 2: movement_speed",
    "Shard 3: health"
  ],
  "controlled_champion_name": "Vladimir",
  "controlled_champion_unmodeled_item_effects": [],
  "controlled_champion_unmodeled_runes": [],
  "diagnostics": {
    "adaptive_candidates_injected": 0,
    "best_significant_score": 0.1602333349048083,
    "bleed_candidates_injected": 721,
    "candidate_duplicates_pruned": 7061,
    "candidate_keys_generated": 9148,
    "coverage_stage_assets_covered": 22,
    "coverage_stage_assets_total": 33,
    "coverage_stage_elapsed_seconds": 4.181286708,
    "coverage_stage_enabled": true,
    "coverage_stage_incomplete": true,
    "coverage_stage_seed_candidates": 66,
    "coverage_stage_seed_candidates_unique": 57,
    "coverage_stage_warning": "Coverage incomplete: touched 22/33 assets; coverage stage could not produce finite candidates for at least one locked asset. Continuing search in degraded coverage mode.",
    "effective_seed": 17481730509162292401,
    "effective_threads": 9,
    "elapsed_seconds": 6.058754459,
    "ensemble_seeds": 8,
    "estimated_cache_space_coverage_percent": 8.48063973063973,
    "estimated_close_to_optimal_probability": 0.08131104305187609,
    "estimated_close_to_optimal_probability_note": "Estimated as P(hit top 0.000001% candidate set) = 1 - (1 - q)^n, with q = 0.003006253% (about top 1 candidates in the legal space) and n = 2821 unique scored candidates. This is a conservative random-sampling approximation, not a guarantee.",
    "estimated_run_space_coverage_percent": 8.48063973063973,
    "estimated_total_candidate_space": 33264.0,
    "full_cache_hits": 4765,
    "full_cache_misses": 3909,
    "full_cache_waits": 120,
    "full_evaluations": 2821,
    "full_persistent_cache_entries": 2821,
    "full_persistent_cache_hits": 119849,
    "loadout_candidates": 1,
    "loadout_finalists": 1,
    "objective_damage_weight": 0.12820512820512822,
    "objective_enemy_kills_weight": 0.5128205128205129,
    "objective_healing_weight": 0.07692307692307693,
    "objective_invulnerable_seconds_weight": 0.025641025641025644,
    "objective_survival_weight": 0.25641025641025644,
    "popcorn_min_relative_improvement_percent": 1.0,
    "popcorn_window_seconds": null,
    "portfolio_strategy_parallel": true,
    "processed_candidates": 0,
    "scenario_count": 1,
    "search_quality_profile": "maximum_quality",
    "search_type_breakdown": [
      {
        "name": "seed_search:portfolio",
        "new_simulations": 3069,
        "persistent_cache_hits": 119513,
        "score_requests": 727123
      },
      {
        "name": "coverage_stage",
        "new_simulations": 840,
        "persistent_cache_hits": 336,
        "score_requests": 1176
      }
    ],
    "seconds_since_last_significant_improvement": 6.003687709,
    "seed_orchestration_parallel": true,
    "significant_improvement_events": 9,
    "simulation_counts": {
      "new_full_simulations": 2821,
      "total_score_requests": 728299,
      "unique_scored_candidates": 2821
    },
    "strategy_elites_parallel": true,
    "strategy_summary": "portfolio(beam, hill_climb, genetic, simulated_annealing, mcts, random, greedy)",
    "strict_candidates_skipped_timeout": 2087,
    "strict_completion_percent": 0.0,
    "strict_heuristic_ordering_enabled": true,
    "strict_non_finite_candidates": 0,
    "strict_random_promotions_done": 1,
    "strict_ranking_rune_signal_weight": 0.3,
    "strict_ranking_shard_signal_weight": 0.2,
    "strict_remaining_candidates": 2087,
    "strict_seed_scored_candidates": 0,
    "time_budget_seconds": 1.0,
    "timed_out": true,
    "total_candidates": 2087,
    "total_run_seconds": 6.9238613749999995,
    "unique_candidate_builds": 2087,
    "unique_scored_candidates": 2821,
    "unmodeled_item_effect_candidates_penalized": 0,
    "unmodeled_item_effect_candidates_rejected": 0,
    "unmodeled_item_effect_hard_gate": true,
    "unmodeled_item_effect_penalty_per_item": 0.0,
    "unmodeled_rune_candidates_penalized": 0,
    "unmodeled_rune_candidates_rejected": 0,
    "unmodeled_rune_hard_gate": true,
    "unmodeled_rune_penalty_per_rune": 0.0
  },
  "diverse_top_builds": [
    {
      "items": [
        "Blade of the Ruined King",
        "Guardian Angel",
        "Guinsoo's Rageblade",
        "Heartsteel",
        "Infinity Edge",
        "Zhonya's Hourglass"
      ],
      "objective_score": 0.09554294285251543
    }
  ],
  "enemy_derived_combat_stats": [
    {
      "ability_hit_damage": 0.0,
      "armor": 191.60000000000002,
      "attack_damage": 237.5,
      "attack_interval_seconds": 0.3730035265991426,
      "attack_projectile_speed": 0.0,
      "attack_range": 125.0,
      "attack_speed": 2.6809398,
      "burst_magic_damage": 0.0,
      "burst_physical_damage": 0.0,
      "burst_true_damage": 0.0,
      "champion": "Warwick",
      "desired_combat_range": 130.0,
      "magic_resist": 70.94999999999999,
      "max_health": 3501.0,
      "move_speed": 422.40000000000003,
      "physical_hit_damage": 237.5
    },
    {
      "ability_hit_damage": 0.0,
      "armor": 110.39999999999999,
      "attack_damage": 294.65,
      "attack_interval_seconds": 0.15940022769621165,
      "attack_projectile_speed": 2000.0,
      "attack_range": 550.0,
      "attack_speed": 6.273516760000001,
      "burst_magic_damage": 0.0,
      "burst_physical_damage": 0.0,
      "burst_true_damage": 0.0,
      "champion": "Vayne",
      "desired_combat_range": 520.0,
      "magic_resist": 54.7,