{
  "baseline_build": [],
  "best_build": [
    "Abyssal Mask",
    "Ardent Censer",
    "Celestial Opposition",
    "Zaz'Zak's Realmspike",
    "Zeke's Convergence",
    "Zephyr"
  ],
  "build_orders": [
    {
      "cumulative_score": 3.7072467790229293,
      "levels": [
        5,
        8,
        11,
        14,
        17,
        20
      ],
      "ordered_items": [
        "Zeke's Convergence",
        "Abyssal Mask",
        "Ardent Censer",
        "Celestial Opposition",
        "Zaz'Zak's Realmspike",
        "Zephyr"
      ],
      "stage_damage": [
        1261.247782688246,
        3505.001282576195,
        6633.613756207123,
        6687.668597931568,
        6739.018822631746,
        6078.941369779069
      ],
      "stage_healing": [
        100.5,
        181.03023573624876,
        665.0600133042105,
        719.79921463248,
        773.6658788765886,
        782.64960427999
      ],
      "stage_objective_scores": [
        0.48986851028386114,
        0.4913508412964123,
        0.8770137659914937,
        0.8746546870921879,
        0.4871794871794873,
        0.4871794871794873
      ],
      "stage_survival_seconds": [
        2.1631150717415184,
        2.6669307914335665,
        6.352401021644149,
        6.4010799040620645,
        6.273723060576521,
        6.596906292294138
      ]
    }
  ],
  "champion_level": 20,
  "controlled_champion_loadout_labels": [],
  "controlled_champion_name": "Vladimir",
  "diagnostics": {
    "adaptive_candidates_injected": 0,
    "best_significant_score": 43.38407377748359,
    "bleed_candidates_injected": 0,
    "candidate_duplicates_pruned": 0,
    "candidate_keys_generated": 1600,
    "elapsed_seconds": 1.114013375,
    "ensemble_seeds": 8,
    "estimated_cache_space_coverage_percent": 1.6526601366695886e-9,
    "estimated_close_to_optimal_probability": 0.00004146914054714568,
    "estimated_close_to_optimal_probability_note": "Estimated as P(hit top 0.000001% candidate set) = 1 - (1 - q)^n, with q = 0.000001000% (about top 5663596 candidates in the legal space) and n = 4147 unique scored candidates. This is a conservative random-sampling approximation, not a guarantee.",
    "estimated_run_space_coverage_percent": 7.322202549966648e-10,
    "estimated_total_candidate_space": 566359639971840.0,
    "full_cache_hits": 0,
    "full_cache_misses": 3561,
    "full_cache_waits": 0,
    "full_evaluations": 3561,
    "full_persistent_cache_entries": 9360,
    "full_persistent_cache_hits": 586,
    "loadout_candidates": 1,
    "loadout_finalists": 1,
    "objective_damage_weight": 0.12820512820512822,
    "objective_enemy_kills_weight": 0.5128205128205129,
    "objective_healing_weight": 0.07692307692307693,
    "objective_invulnerable_seconds_weight": 0.025641025641025644,
    "objective_survival_weight": 0.25641025641025644,
    "popcorn_min_relative_improvement_percent": 1.0,
    "popcorn_window_seconds": null,
    "processed_candidates": 0,
    "scenario_count": 1,
    "search_quality_profile": "maximum_quality",
    "search_type_breakdown": [
      {
        "name": "seed_search:portfolio",
        "new_simulations": 3561,
        "persistent_cache_hits": 586,
        "score_requests": 4147
      }
    ],
    "seconds_since_last_significant_improvement": 0.555805209,
    "significant_improvement_events": 8,
    "simulation_counts": {
      "new_full_simulations": 3561,
      "total_score_requests": 4147,
      "unique_scored_candidates": 4147
    },
    "strategy_summary": "portfolio(beam, hill_climb, genetic, simulated_annealing, mcts, random, greedy)",
    "strict_candidates_skipped_timeout": 1600,
    "strict_completion_percent": 0.0,
    "strict_non_finite_candidates": 0,
    "strict_remaining_candidates": 1600,
    "strict_seed_scored_candidates": 0,
    "time_budget_seconds": 1.0,
    "timed_out": true,
    "total_candidates": 1600,
    "total_run_seconds": 1.6500021249999999,
    "unique_candidate_builds": 1600,
    "unique_scored_candidates": 4147
  },
  "diverse_top_builds": [
    {
      "items": [
        "Abyssal Mask",
        "Ardent Censer",
        "Celestial Opposition",
        "Zaz'Zak's Realmspike",
        "Zeke's Convergence",
        "Zephyr"
      ],
      "objective_score": 0.16853552464371313
    }
  ],
  "enemy_derived_combat_stats": [
    {
      "ability_hit_damage": 26.875,
      "armor": 191.60000000000002,
      "attack_damage": 237.5,
      "attack_interval_seconds": 0.3730035265991426,
      "attack_projectile_speed": 0.0,
      "attack_range": 125.0,
      "attack_speed": 2.6809398,
      "burst_magic_damage": 0.0,
      "burst_physical_damage": 0.0,
      "burst_true_damage": 0.0,
      "champion": "Warwick",
      "desired_combat_range": 130.0,
      "magic_resist": 70.94999999999999,
      "max_health": 3501.0,
      "move_speed": 422.40000000000003,
      "physical_hit_damage": 237.5
    },
    {
      "ability_hit_damage": 27.679,
      "armor": 110.39999999999999,
      "attack_damage": 294.65,
      "attack_interval_seconds": 0.15940022769621165,
      "attack_projectile_speed": 2000.0,
      "attack_range": 550.0,
      "attack_speed": 6.273516760000001,
      "burst_magic_damage": 0.0,
      "burst_physical_damage": 70.0,
      "burst_true_damage": 0.0,
      "champion": "Vayne",
      "desired_combat_range": 520.0,
      "magic_resist": 54.7,
      "max_health": 2641.4827586206898,
      "move_speed": 396.78000000000003,
      "physical_hit_damage": 294.65
    },
    {
      "ability_hit_damage": 53.25,
      "armor": 154.8,
      "attack_damage": 122.5,
      "attack_interval_seconds": 0.6198187030293639,
      "attack_projectile_speed": 1600.0,
      "attack_range": 450.0,
      "attack_speed": 1.613375,
      "burst_magic_damage": 140.0,
      "burst_physical_damage": 0.0,
      "burst_true_damage": 0.0,
      "champion": "Morgana",
      "desired_combat_range": 450.0,
      "magic_resist": 54.7,
      "max_health": 3440.4827586206898,
      "move_speed": 387.6,
      "physical_hit_damage": 122.5
    },
    {
      "ability_hit_damage": 44.3,
      "armor": 105.8,
      "attack_damage": 106.0,
      "attack_interval_seconds": 0.5402905466443635,
      "attack_projectile_speed": 1500.0,
      "attack_range": 550.0,
      "attack_speed": 1.850856,
      "burst_magic_damage": 100.0,
      "burst_physical_damage": 0.0,
      "burst_true_damage": 0.0,
      "champion": "Sona",
      "desired_combat_range": 520.0,
      "magic_resist": 54.7,
      "max_health": 2413.4827586206898,
      "move_speed": 387.6,
      "physical_hit_damage": 106.0
    },
    {
      "ability_hit_damage": 18.44,
      "armor": 192.5,
      "attack_damage": 148.5,
      "attack_interval_seconds": 0.6115702984768842,
      "attack_projectile_speed": 0.0,
      "attack_range": 125.0,
      "attack_speed": 1.635135,
      "burst_magic_damage": 0.0,
      "burst_physical_damage": 90.0,
      "burst_true_damage": 0.0,
      "champion": "Dr. Mundo",
      "desired_combat_range": 140.0,
      "magic_resist": 72.69999999999999,
      "max_health": 6479.815457425368,
      "move_speed": 400.0,
      "physical_hit_damage": 148.5
    }
  ],
  "enemy_presets": [
    {
      "champion": "Warwick",
      "items": [
        "Stridebreaker",
        "Mercury's Treads",
        "Blade of the Ruined King",
        "Kraken Slayer",
        "Spirit Visage",
        "Thornmail"
      ],
      "last_checked": "2026-02-15",
      "runes": [
        "Lethal Tempo",
        "Triumph",
        "Legend: Alacrity",
        "Last Stand",
        "Celerity",
        "Waterwalking"
      ],
      "shards": [
        "attack_speed",
        "movement_speed",
        "tenacity"
      ],
      "source_url": "https://www.metasrc.com/lol/urf/build/warwick"
    },
    {
      "champion": "Vayne",
      "items": [
        "Berserker's Greaves",
        "Kraken Slayer",
        "Guinsoo's Rageblade",
        "Phantom Dancer",
        "Blade of the Ruined King",
        "Infinity Edge"
      ],