{
  "baseline_build": [],
  "best_build": [
    "Abyssal Mask",
    "Actualizer",
    "Bloodletter's Curse",
    "Umbral Glaive",
    "Unending Despair",
    "Void Staff"
  ],
  "build_orders": [
    {
      "cumulative_score": 11.880327374297831,
      "levels": [
        5,
        8,
        11,
        14,
        17,
        20
      ],
      "ordered_items": [
        "Bloodletter's Curse",
        "Unending Despair",
        "Abyssal Mask",
        "Void Staff",
        "Actualizer",
        "Umbral Glaive"
      ],
      "stage_damage": [
        3887.097439249009,
        7443.273142807522,
        14250.031468369241,
        15874.817968540725,
        16945.207290669015,
        13633.581612740913
      ],
      "stage_healing": [
        152.69728958630523,
        741.8442975845555,
        1713.6385915897495,
        1803.3556905609291,
        1915.2513508722036,
        1493.1211864446786
      ],
      "stage_objective_scores": [
        0.8585161531642069,
        2.1366671503580448,
        2.3009757007375584,
        2.5072703012321647,
        3.076898068805856,
        1.0
      ],
      "stage_survival_seconds": [
        2.7263525858546234,
        6.3290070566035155,
        40.993128375984064,
        48.51283702128908,
        53.966666666666164,
        9.99999999999998
      ]
    }
  ],
  "champion_level": 20,
  "controlled_champion_loadout_labels": [],
  "controlled_champion_name": "Vladimir",
  "diagnostics": {
    "adaptive_candidates_injected": 0,
    "best_significant_score": 45.1298424070823,
    "bleed_candidates_injected": 1843,
    "candidate_duplicates_pruned": 420,
    "candidate_keys_generated": 3986,
    "coverage_stage_assets_covered": 181,
    "coverage_stage_assets_total": 181,
    "coverage_stage_elapsed_seconds": 30.353703667,
    "coverage_stage_enabled": true,
    "coverage_stage_seed_candidates": 543,
    "coverage_stage_seed_candidates_unique": 543,
    "effective_seed": 14733025714516320549,
    "elapsed_seconds": 31.602754417,
    "ensemble_seeds": 8,
    "estimated_cache_space_coverage_percent": 1.2381648071025548e-9,
    "estimated_close_to_optimal_probability": 0.00012324240626615524,
    "estimated_close_to_optimal_probability_note": "Estimated as P(hit top 0.000001% candidate set) = 1 - (1 - q)^n, with q = 0.000001000% (about top 9954248 candidates in the legal space) and n = 12325 unique scored candidates. This is a conservative random-sampling approximation, not a guarantee.",
    "estimated_run_space_coverage_percent": 1.2381648071025548e-9,
    "estimated_total_candidate_space": 995424835958784.0,
    "full_cache_hits": 0,
    "full_cache_misses": 12325,
    "full_cache_waits": 0,
    "full_evaluations": 12325,
    "full_persistent_cache_entries": 12325,
    "full_persistent_cache_hits": 0,
    "loadout_candidates": 1,
    "loadout_finalists": 1,
    "objective_damage_weight": 0.12820512820512822,
    "objective_enemy_kills_weight": 0.5128205128205129,
    "objective_healing_weight": 0.07692307692307693,
    "objective_invulnerable_seconds_weight": 0.025641025641025644,
    "objective_survival_weight": 0.25641025641025644,
    "popcorn_min_relative_improvement_percent": 1.0,
    "popcorn_window_seconds": null,
    "processed_candidates": 0,
    "scenario_count": 1,
    "search_quality_profile": "maximum_quality",
    "search_type_breakdown": [
      {
        "name": "coverage_stage",
        "new_simulations": 10110,
        "persistent_cache_hits": 0,
        "score_requests": 10110
      },
      {
        "name": "seed_search:portfolio",
        "new_simulations": 2215,
        "persistent_cache_hits": 0,
        "score_requests": 2215
      }
    ],
    "seconds_since_last_significant_improvement": 28.861995833,
    "significant_improvement_events": 5,
    "simulation_counts": {
      "new_full_simulations": 12325,
      "total_score_requests": 12325,
      "unique_scored_candidates": 12325
    },
    "strategy_summary": "portfolio(beam, hill_climb, genetic, simulated_annealing, mcts, random, greedy)",
    "strict_candidates_skipped_timeout": 3566,
    "strict_completion_percent": 0.0,
    "strict_non_finite_candidates": 0,
    "strict_remaining_candidates": 3566,
    "strict_seed_scored_candidates": 0,
    "time_budget_seconds": 1.0,
    "timed_out": true,
    "total_candidates": 3566,
    "total_run_seconds": 33.055822375,
    "unique_candidate_builds": 3566,
    "unique_scored_candidates": 12325
  },
  "diverse_top_builds": [
    {
      "items": [
        "Abyssal Mask",
        "Actualizer",
        "Bloodletter's Curse",
        "Umbral Glaive",
        "Unending Despair",
        "Void Staff"
      ],
      "objective_score": 0.49841050763278727
    }
  ],
  "enemy_derived_combat_stats": [
    {
      "ability_hit_damage": 0.0,
      "armor": 191.60000000000002,
      "attack_damage": 237.5,
      "attack_interval_seconds": 0.3730035265991426,
      "attack_projectile_speed": 0.0,
      "attack_range": 125.0,
      "attack_speed": 2.6809398,
      "burst_magic_damage": 0.0,
      "burst_physical_damage": 0.0,
      "burst_true_damage": 0.0,
      "champion": "Warwick",
      "desired_combat_range": 130.0,
      "magic_resist": 70.94999999999999,
      "max_health": 3501.0,
      "move_speed": 422.40000000000003,
      "physical_hit_damage": 237.5
    },
    {
      "ability_hit_damage": 0.0,
      "armor": 110.39999999999999,
      "attack_damage": 294.65,
      "attack_interval_seconds": 0.15940022769621165,
      "attack_projectile_speed": 2000.0,
      "attack_range": 550.0,
      "attack_speed": 6.273516760000001,
      "burst_magic_damage": 0.0,
      "burst_physical_damage": 0.0,
      "burst_true_damage": 0.0,
      "champion": "Vayne",
      "desired_combat_range": 520.0,
      "magic_resist": 54.7,
      "max_health": 2641.4827586206898,
      "move_speed": 396.78000000000003,
      "physical_hit_damage": 294.65
    },
    {
      "ability_hit_damage": 0.0,
      "armor": 154.8,
      "attack_damage": 122.5,
      "attack_interval_seconds": 0.6198187030293639,
      "attack_projectile_speed": 1600.0,
      "attack_range": 450.0,
      "attack_speed": 1.613375,
      "burst_magic_damage": 0.0,
      "burst_physical_damage": 0.0,
      "burst_true_damage": 0.0,
      "champion": "Morgana",
      "desired_combat_range": 450.0,
      "magic_resist": 54.7,
      "max_health": 3440.4827586206898,
      "move_speed": 387.6,
      "physical_hit_damage": 122.5
    },
    {
      "ability_hit_damage": 0.0,
      "armor": 105.8,
      "attack_damage": 106.0,
      "attack_interval_seconds": 0.5402905466443635,
      "attack_projectile_speed": 1500.0,
      "attack_range": 550.0,
      "attack_speed": 1.850856,
      "burst_magic_damage": 0.0,
      "burst_physical_damage": 0.0,
      "burst_true_damage": 0.0,
      "champion": "Sona",
      "desired_combat_range": 520.0,
      "magic_resist": 54.7,
      "max_health": 2413.4827586206898,
      "move_speed": 387.6,
      "physical_hit_damage": 106.0
    },
    {
      "ability_hit_damage": 0.0,
      "armor": 192.5,
      "attack_damage": 148.5,
      "attack_interval_seconds": 0.6115702984768842,
      "attack_projectile_speed": 0.0,
      "attack_range": 125.0,
      "attack_speed": 1.635135,
      "burst_magic_damage": 0.0,
      "burst_physical_damage": 0.0,
      "burst_true_damage": 0.0,
      "champion": "Dr. Mundo",
      "desired_combat_range": 140.0,
      "magic_resist": 72.69999999999999,
      "max_health": 6479.815457425368,
      "move_speed": 400.0,
      "physical_hit_damage": 148.5
    }
  ],
  "enemy_presets": [
    {
      "champion": "Warwick",
      "items": [
        "Stridebreaker",
        "Mercury's Treads",
        "Blade of the Ruined King",
        "Kraken Slayer",
        "Spirit Visage",
        "Thornmail"
      ],
      "last_checked": "2026-02-15",