{
  "best_build": [
    "Abyssal Mask",
    "Actualizer",
    "Bloodthirster",
    "Cryptbloom",
    "Heartsteel",
    "Solstice Sleigh"
  ],
  "build_orders": [
    {
      "cumulative_score": 3.263325818404744,
      "levels": [
        5,
        8,
        11,
        14,
        17,
        20
      ],
      "ordered_items": [
        "Heartsteel",
        "Actualizer",
        "Cryptbloom",
        "Abyssal Mask",
        "Solstice Sleigh",
        "Bloodthirster"
      ],
      "stage_damage": [
        3917.518170757041,
        4581.190858402277,
        6160.562262319119,
        6321.269973071943,
        6373.615613549595,
        6281.354307717169
      ],
      "stage_healing": [
        155.58620689655163,
        236.6045273958049,
        282.62343645868486,
        342.1858897581401,
        391.4321054619354,
        425.44951743099864
      ],
      "stage_objective_scores": [
        0.5341779447424038,
        0.5862029442801509,
        0.5908857311138357,
        0.5436542528528558,
        0.5075800235913934,
        0.5008249218241039
      ],
      "stage_survival_seconds": [
        2.096210621524107,
        2.3000000000000007,
        3.788833943808779,
        3.778115851721098,
        3.716272679677316,
        3.6619555974089906
      ]
    }
  ],
  "champion_level": 20,
  "controlled_champion_loadout_labels": [
    "Rune: Aftershock",
    "Rune: Shield Bash",
    "Rune: Conditioning",
    "Rune: Overgrowth",
    "Rune: Presence of Mind",
    "Rune: Cut Down",
    "Shard 1: ability_haste",
    "Shard 2: movement_speed",
    "Shard 3: health"
  ],
  "controlled_champion_name": "Vladimir",
  "diagnostics": {
    "adaptive_candidates_injected": 0,
    "best_significant_score": 0.24692597002898928,
    "bleed_candidates_injected": 1849,
    "candidate_duplicates_pruned": 420,
    "candidate_keys_generated": 2392,
    "coverage_stage_assets_covered": 181,
    "coverage_stage_assets_total": 181,
    "coverage_stage_elapsed_seconds": 3.323318417,
    "coverage_stage_enabled": true,
    "coverage_stage_incomplete": false,
    "coverage_stage_seed_candidates": 543,
    "coverage_stage_seed_candidates_unique": 543,
    "coverage_stage_warning": "",
    "effective_seed": 5673826355809875254,
    "elapsed_seconds": 3.778233,
    "ensemble_seeds": 8,
    "estimated_cache_space_coverage_percent": 2.7491377562065456e-8,
    "estimated_close_to_optimal_probability": 0.00010112488754765447,
    "estimated_close_to_optimal_probability_note": "Estimated as P(hit top 0.000001% candidate set) = 1 - (1 - q)^n, with q = 0.000001000% (about top 9954248 candidates in the legal space) and n = 10113 unique scored candidates. This is a conservative random-sampling approximation, not a guarantee.",
    "estimated_run_space_coverage_percent": 1.0159481293491389e-9,
    "estimated_total_candidate_space": 995424835958784.0,
    "full_cache_hits": 0,
    "full_cache_misses": 10249,
    "full_cache_waits": 0,
    "full_evaluations": 10113,
    "full_persistent_cache_entries": 273656,
    "full_persistent_cache_hits": 0,
    "loadout_candidates": 1,
    "loadout_finalists": 1,
    "objective_damage_weight": 0.12820512820512822,
    "objective_enemy_kills_weight": 0.5128205128205129,
    "objective_healing_weight": 0.07692307692307693,
    "objective_invulnerable_seconds_weight": 0.025641025641025644,
    "objective_survival_weight": 0.25641025641025644,
    "popcorn_min_relative_improvement_percent": 1.0,
    "popcorn_window_seconds": 1.0,
    "processed_candidates": 0,
    "scenario_count": 1,
    "search_quality_profile": "maximum_quality",
    "search_type_breakdown": [
      {
        "name": "coverage_stage",
        "new_simulations": 10113,
        "persistent_cache_hits": 0,
        "score_requests": 10113
      },
      {
        "name": "seed_search:portfolio",
        "new_simulations": 136,
        "persistent_cache_hits": 0,
        "score_requests": 136
      }
    ],
    "seconds_since_last_significant_improvement": 1.108843833,
    "significant_improvement_events": 11,
    "simulation_counts": {
      "new_full_simulations": 10113,
      "total_score_requests": 10249,
      "unique_scored_candidates": 10113
    },
    "strategy_summary": "portfolio(beam, hill_climb, genetic, simulated_annealing, mcts, random, greedy)",
    "strict_candidates_skipped_timeout": 1972,
    "strict_completion_percent": 0.0,
    "strict_non_finite_candidates": 0,
    "strict_remaining_candidates": 1972,
    "strict_seed_scored_candidates": 0,
    "time_budget_seconds": 1.0,
    "timed_out": true,
    "total_candidates": 1972,
    "total_run_seconds": 4.144537,
    "unique_candidate_builds": 1972,
    "unique_scored_candidates": 10113
  },
  "diverse_top_builds": [
    {
      "items": [
        "Abyssal Mask",
        "Actualizer",
        "Bloodthirster",
        "Cryptbloom",
        "Heartsteel",
        "Solstice Sleigh"
      ],
      "objective_score": 0.05657708400321728
    }
  ],
  "enemy_derived_combat_stats": [
    {
      "ability_hit_damage": 0.0,
      "armor": 191.60000000000002,
      "attack_damage": 237.5,
      "attack_interval_seconds": 0.3730035265991426,
      "attack_projectile_speed": 0.0,
      "attack_range": 125.0,
      "attack_speed": 2.6809398,
      "burst_magic_damage": 0.0,
      "burst_physical_damage": 0.0,
      "burst_true_damage": 0.0,
      "champion": "Warwick",
      "desired_combat_range": 130.0,
      "magic_resist": 70.94999999999999,
      "max_health": 3501.0,
      "move_speed": 422.40000000000003,
      "physical_hit_damage": 237.5
    },
    {
      "ability_hit_damage": 0.0,
      "armor": 110.39999999999999,
      "attack_damage": 294.65,
      "attack_interval_seconds": 0.15940022769621165,
      "attack_projectile_speed": 2000.0,
      "attack_range": 550.0,
      "attack_speed": 6.273516760000001,
      "burst_magic_damage": 0.0,
      "burst_physical_damage": 0.0,
      "burst_true_damage": 0.0,
      "champion": "Vayne",
      "desired_combat_range": 520.0,
      "magic_resist": 54.7,
      "max_health": 2641.4827586206898,
      "move_speed": 396.78000000000003,
      "physical_hit_damage": 294.65
    },
    {
      "ability_hit_damage": 0.0,
      "armor": 154.8,
      "attack_damage": 122.5,
      "attack_interval_seconds": 0.6198187030293639,
      "attack_projectile_speed": 1600.0,
      "attack_range": 450.0,
      "attack_speed": 1.613375,
      "burst_magic_damage": 0.0,
      "burst_physical_damage": 0.0,
      "burst_true_damage": 0.0,
      "champion": "Morgana",
      "desired_combat_range": 450.0,
      "magic_resist": 54.7,
      "max_health": 3440.4827586206898,
      "move_speed": 387.6,
      "physical_hit_damage": 122.5
    },
    {
      "ability_hit_damage": 0.0,
      "armor": 105.8,
      "attack_damage": 106.0,
      "attack_interval_seconds": 0.5402905466443635,
      "attack_projectile_speed": 1500.0,
      "attack_range": 550.0,
      "attack_speed": 1.850856,
      "burst_magic_damage": 0.0,
      "burst_physical_damage": 0.0,
      "burst_true_damage": 0.0,
      "champion": "Sona",
      "desired_combat_range": 520.0,
      "magic_resist": 54.7,
      "max_health": 2413.4827586206898,
      "move_speed": 387.6,
      "physical_hit_damage": 106.0
    },
    {
      "ability_hit_damage": 0.0,
      "armor": 192.5,
      "attack_damage": 148.5,
      "attack_interval_seconds": 0.6115702984768842,
      "attack_projectile_speed": 0.0,
      "attack_range": 125.0,
      "attack_speed": 1.635135,
      "burst_magic_damage": 0.0,
      "burst_physical_damage": 0.0,
      "burst_true_damage": 0.0,
      "champion": "Dr. Mundo",
      "desired_combat_range": 140.0,
      "magic_resist": 72.69999999999999,
      "max_health": 6479.815457425368,
      "move_speed": 400.0,
      "physical_hit_damage": 148.5
    }
  ],
  "enemy_presets": [
    {
      "champion": "Warwick",