{
  "best_build": [
    "Abyssal Mask",
    "Actualizer",
    "Bloodletter's Curse",
    "Celestial Opposition",
    "Stormsurge",
    "Void Staff"
  ],
  "build_orders": [
    {
      "cumulative_score": 8.086144427363493,
      "levels": [
        5,
        8,
        11,
        14,
        17,
        20
      ],
      "ordered_items": [
        "Bloodletter's Curse",
        "Celestial Opposition",
        "Void Staff",
        "Actualizer",
        "Stormsurge",
        "Abyssal Mask"
      ],
      "stage_damage": [
        50594.28877605224,
        345897.12925080984,
        307408.1221337266,
        292070.79031400813,
        226732.78262121417,
        110489.13662332817
      ],
      "stage_healing": [
        9466.266571951237,
        90356.06592139816,
        90382.9447704856,
        86655.80720699689,
        67262.31084597603,
        32548.18141838046
      ],
      "stage_objective_scores": [
        0.99342755798746,
        2.5620871221264294,
        0.9916908417571368,
        0.9911496746877183,
        1.5477892308047496,
        1.0
      ],
      "stage_survival_seconds": [
        129.56542343281527,
        1200.0,
        1200.0,
        1200.0,
        954.1999999998026,
        454.8666666668064
      ]
    }
  ],
  "champion_level": 20,
  "controlled_champion_loadout_labels": [
    "Rune: Unsealed Spellbook",
    "Rune: Hextech Flashtraption",
    "Rune: Biscuit Delivery",
    "Rune: Jack Of All Trades",
    "Rune: Presence of Mind",
    "Rune: Legend: Haste",
    "Shard 1: attack_speed",
    "Shard 2: health"
  ],
  "controlled_champion_name": "Vladimir",
  "diagnostics": {
    "adaptive_candidates_injected": 0,
    "best_significant_score": 42.97732018704653,
    "bleed_candidates_injected": 1443,
    "candidate_duplicates_pruned": 15,
    "candidate_keys_generated": 1458,
    "coverage_stage_assets_covered": 5,
    "coverage_stage_assets_total": 181,
    "coverage_stage_elapsed_seconds": 1.154373833,
    "coverage_stage_enabled": true,
    "coverage_stage_seed_candidates": 15,
    "coverage_stage_seed_candidates_unique": 15,
    "effective_seed": 11699002614220878288,
    "elapsed_seconds": 1.417373042,
    "ensemble_seeds": 8,
    "estimated_cache_space_coverage_percent": 2.8128693386508344e-11,
    "estimated_close_to_optimal_probability": 2.7999961080826807e-6,
    "estimated_close_to_optimal_probability_note": "Estimated as P(hit top 0.000001% candidate set) = 1 - (1 - q)^n, with q = 0.000001000% (about top 9954248 candidates in the legal space) and n = 280 unique scored candidates. This is a conservative random-sampling approximation, not a guarantee.",
    "estimated_run_space_coverage_percent": 2.8128693386508344e-11,
    "estimated_total_candidate_space": 995424835958784.0,
    "full_cache_hits": 0,
    "full_cache_misses": 280,
    "full_cache_waits": 0,
    "full_evaluations": 280,
    "full_persistent_cache_entries": 280,
    "full_persistent_cache_hits": 0,
    "loadout_candidates": 1,
    "loadout_finalists": 1,
    "objective_damage_weight": 0.12820512820512822,
    "objective_enemy_kills_weight": 0.5128205128205129,
    "objective_healing_weight": 0.07692307692307693,
    "objective_invulnerable_seconds_weight": 0.025641025641025644,
    "objective_survival_weight": 0.25641025641025644,
    "popcorn_min_relative_improvement_percent": 1.0,
    "popcorn_window_seconds": 1.0,
    "processed_candidates": 0,
    "scenario_count": 1,
    "search_quality_profile": "maximum_quality",
    "search_type_breakdown": [
      {
        "name": "coverage_stage",
        "new_simulations": 280,
        "persistent_cache_hits": 0,
        "score_requests": 280
      }
    ],
    "seconds_since_last_significant_improvement": 1.258255333,
    "significant_improvement_events": 11,
    "simulation_counts": {
      "new_full_simulations": 280,
      "total_score_requests": 280,
      "unique_scored_candidates": 280
    },
    "strategy_summary": "portfolio(beam, hill_climb, genetic, simulated_annealing, mcts, random, greedy)",
    "strict_candidates_skipped_timeout": 1443,
    "strict_completion_percent": 0.0,
    "strict_non_finite_candidates": 0,
    "strict_remaining_candidates": 1443,
    "strict_seed_scored_candidates": 0,
    "time_budget_seconds": 1.0,
    "timed_out": true,
    "total_candidates": 1443,
    "total_run_seconds": 110.324978917,
    "unique_candidate_builds": 1443,
    "unique_scored_candidates": 280
  },
  "diverse_top_builds": [
    {
      "items": [
        "Abyssal Mask",
        "Actualizer",
        "Bloodletter's Curse",
        "Celestial Opposition",
        "Stormsurge",
        "Void Staff"
      ],
      "objective_score": 16.461280378727125
    }
  ],
  "enemy_derived_combat_stats": [
    {
      "ability_hit_damage": 0.0,
      "armor": 191.60000000000002,
      "attack_damage": 237.5,
      "attack_interval_seconds": 0.3730035265991426,
      "attack_projectile_speed": 0.0,
      "attack_range": 125.0,
      "attack_speed": 2.6809398,
      "burst_magic_damage": 0.0,
      "burst_physical_damage": 0.0,
      "burst_true_damage": 0.0,
      "champion": "Warwick",
      "desired_combat_range": 130.0,
      "magic_resist": 70.94999999999999,
      "max_health": 3501.0,
      "move_speed": 422.40000000000003,
      "physical_hit_damage": 237.5
    },
    {
      "ability_hit_damage": 0.0,
      "armor": 110.39999999999999,
      "attack_damage": 294.65,
      "attack_interval_seconds": 0.15940022769621165,
      "attack_projectile_speed": 2000.0,
      "attack_range": 550.0,
      "attack_speed": 6.273516760000001,
      "burst_magic_damage": 0.0,
      "burst_physical_damage": 0.0,
      "burst_true_damage": 0.0,
      "champion": "Vayne",
      "desired_combat_range": 520.0,
      "magic_resist": 54.7,
      "max_health": 2641.4827586206898,
      "move_speed": 396.78000000000003,
      "physical_hit_damage": 294.65
    },
    {
      "ability_hit_damage": 0.0,
      "armor": 154.8,
      "attack_damage": 122.5,
      "attack_interval_seconds": 0.6198187030293639,
      "attack_projectile_speed": 1600.0,
      "attack_range": 450.0,
      "attack_speed": 1.613375,
      "burst_magic_damage": 0.0,
      "burst_physical_damage": 0.0,
      "burst_true_damage": 0.0,
      "champion": "Morgana",
      "desired_combat_range": 450.0,
      "magic_resist": 54.7,
      "max_health": 3440.4827586206898,
      "move_speed": 387.6,
      "physical_hit_damage": 122.5
    },
    {
      "ability_hit_damage": 0.0,
      "armor": 105.8,
      "attack_damage": 106.0,
      "attack_interval_seconds": 0.5402905466443635,
      "attack_projectile_speed": 1500.0,
      "attack_range": 550.0,
      "attack_speed": 1.850856,
      "burst_magic_damage": 0.0,
      "burst_physical_damage": 0.0,
      "burst_true_damage": 0.0,
      "champion": "Sona",
      "desired_combat_range": 520.0,
      "magic_resist": 54.7,
      "max_health": 2413.4827586206898,
      "move_speed": 387.6,
      "physical_hit_damage": 106.0
    },
    {
      "ability_hit_damage": 0.0,
      "armor": 192.5,
      "attack_damage": 148.5,
      "attack_interval_seconds": 0.6115702984768842,
      "attack_projectile_speed": 0.0,
      "attack_range": 125.0,
      "attack_speed": 1.635135,
      "burst_magic_damage": 0.0,
      "burst_physical_damage": 0.0,
      "burst_true_damage": 0.0,
      "champion": "Dr. Mundo",
      "desired_combat_range": 140.0,
      "magic_resist": 72.69999999999999,
      "max_health": 6479.815457425368,
      "move_speed": 400.0,
      "physical_hit_damage": 148.5
    }
  ],
  "enemy_presets": [
    {
      "champion": "Warwick",
      "items": [
        "Stridebreaker",
        "Mercury's Treads",
        "Blade of the Ruined King",
        "Kraken Slayer",
        "Spirit Visage",
        "Thornmail"
      ],
      "last_checked": "2026-02-15",