{
  "best_build": [
    "Abyssal Mask",
    "Actualizer",
    "Death's Dance",
    "Edge of Night",
    "Horizon Focus",
    "Runaan's Hurricane"
  ],
  "build_orders": [
    {
      "cumulative_score": 27.200002880360703,
      "levels": [
        5,
        8,
        11,
        14,
        17,
        20
      ],
      "ordered_items": [
        "Edge of Night",
        "Death's Dance",
        "Abyssal Mask",
        "Runaan's Hurricane",
        "Actualizer",
        "Horizon Focus"
      ],
      "stage_damage": [
        169128.48390047095,
        105198.92758059465,
        141802.86776614346,
        226796.12992187083,
        131347.76374692275,
        74975.64005234442
      ],
      "stage_healing": [
        46131.56390598342,
        29368.27735657315,
        41391.38831658422,
        67005.08669048577,
        38609.88603092542,
        21858.085506758987
      ],
      "stage_objective_scores": [
        17.016328949979542,
        1.761698203718063,
        1.476619454753614,
        2.5476445753610113,
        3.397711696548473,
        1.0
      ],
      "stage_survival_seconds": [
        1200.0,
        664.3465942311122,
        787.7999999999602,
        1200.0,
        625.1280662325001,
        324.32702099486306
      ]
    }
  ],
  "champion_level": 20,
  "controlled_champion_loadout_labels": [
    "Rune: Unsealed Spellbook",
    "Rune: Cash Back",
    "Rune: Time Warp Tonic",
    "Rune: Cosmic Insight",
    "Rune: Cheap Shot",
    "Rune: Sixth Sense",
    "Shard 1: ability_haste",
    "Shard 2: movement_speed",
    "Shard 3: health"
  ],
  "controlled_champion_name": "Vladimir",
  "diagnostics": {
    "adaptive_candidates_injected": 0,
    "best_significant_score": 44.40900177669985,
    "bleed_candidates_injected": 1863,
    "candidate_duplicates_pruned": 420,
    "candidate_keys_generated": 2406,
    "coverage_stage_assets_covered": 181,
    "coverage_stage_assets_total": 181,
    "coverage_stage_elapsed_seconds": 10.502553,
    "coverage_stage_enabled": true,
    "coverage_stage_incomplete": false,
    "coverage_stage_seed_candidates": 543,
    "coverage_stage_seed_candidates_unique": 543,
    "coverage_stage_warning": "",
    "effective_seed": 8239526539504474896,
    "elapsed_seconds": 10.723242583,
    "ensemble_seeds": 8,
    "estimated_cache_space_coverage_percent": 1.0544241635171127e-9,
    "estimated_close_to_optimal_probability": 0.00010107489260213764,
    "estimated_close_to_optimal_probability_note": "Estimated as P(hit top 0.000001% candidate set) = 1 - (1 - q)^n, with q = 0.000001000% (about top 9954248 candidates in the legal space) and n = 10108 unique scored candidates. This is a conservative random-sampling approximation, not a guarantee.",
    "estimated_run_space_coverage_percent": 1.0154458312529512e-9,
    "estimated_total_candidate_space": 995424835958784.0,
    "full_cache_hits": 0,
    "full_cache_misses": 10108,
    "full_cache_waits": 0,
    "full_evaluations": 10108,
    "full_persistent_cache_entries": 10496,
    "full_persistent_cache_hits": 0,
    "loadout_candidates": 1,
    "loadout_finalists": 1,
    "objective_damage_weight": 0.12820512820512822,
    "objective_enemy_kills_weight": 0.5128205128205129,
    "objective_healing_weight": 0.07692307692307693,
    "objective_invulnerable_seconds_weight": 0.025641025641025644,
    "objective_survival_weight": 0.25641025641025644,
    "popcorn_min_relative_improvement_percent": 1.0,
    "popcorn_window_seconds": 1.0,
    "processed_candidates": 0,
    "scenario_count": 1,
    "search_quality_profile": "maximum_quality",
    "search_type_breakdown": [
      {
        "name": "coverage_stage",
        "new_simulations": 10108,
        "persistent_cache_hits": 0,
        "score_requests": 10108
      }
    ],
    "seconds_since_last_significant_improvement": 10.286336958,
    "significant_improvement_events": 11,
    "simulation_counts": {
      "new_full_simulations": 10108,
      "total_score_requests": 10108,
      "unique_scored_candidates": 10108
    },
    "strategy_summary": "portfolio(beam, hill_climb, genetic, simulated_annealing, mcts, random, greedy)",
    "strict_candidates_skipped_timeout": 1986,
    "strict_completion_percent": 0.0,
    "strict_non_finite_candidates": 0,
    "strict_remaining_candidates": 1986,
    "strict_seed_scored_candidates": 0,
    "time_budget_seconds": 1.0,
    "timed_out": true,
    "total_candidates": 1986,
    "total_run_seconds": 40.280035708,
    "unique_candidate_builds": 1986,
    "unique_scored_candidates": 10108
  },
  "diverse_top_builds": [
    {
      "items": [
        "Abyssal Mask",
        "Actualizer",
        "Death's Dance",
        "Edge of Night",
        "Horizon Focus",
        "Runaan's Hurricane"
      ],
      "objective_score": 11.573576698963567
    }
  ],
  "enemy_derived_combat_stats": [
    {
      "ability_hit_damage": 0.0,
      "armor": 191.60000000000002,
      "attack_damage": 237.5,
      "attack_interval_seconds": 0.3730035265991426,
      "attack_projectile_speed": 0.0,
      "attack_range": 125.0,
      "attack_speed": 2.6809398,
      "burst_magic_damage": 0.0,
      "burst_physical_damage": 0.0,
      "burst_true_damage": 0.0,
      "champion": "Warwick",
      "desired_combat_range": 130.0,
      "magic_resist": 70.94999999999999,
      "max_health": 3501.0,
      "move_speed": 422.40000000000003,
      "physical_hit_damage": 237.5
    },
    {
      "ability_hit_damage": 0.0,
      "armor": 110.39999999999999,
      "attack_damage": 294.65,
      "attack_interval_seconds": 0.15940022769621165,
      "attack_projectile_speed": 2000.0,
      "attack_range": 550.0,
      "attack_speed": 6.273516760000001,
      "burst_magic_damage": 0.0,
      "burst_physical_damage": 0.0,
      "burst_true_damage": 0.0,
      "champion": "Vayne",
      "desired_combat_range": 520.0,
      "magic_resist": 54.7,
      "max_health": 2641.4827586206898,
      "move_speed": 396.78000000000003,
      "physical_hit_damage": 294.65
    },
    {
      "ability_hit_damage": 0.0,
      "armor": 154.8,
      "attack_damage": 122.5,
      "attack_interval_seconds": 0.6198187030293639,
      "attack_projectile_speed": 1600.0,
      "attack_range": 450.0,
      "attack_speed": 1.613375,
      "burst_magic_damage": 0.0,
      "burst_physical_damage": 0.0,
      "burst_true_damage": 0.0,
      "champion": "Morgana",
      "desired_combat_range": 450.0,
      "magic_resist": 54.7,
      "max_health": 3440.4827586206898,
      "move_speed": 387.6,
      "physical_hit_damage": 122.5
    },
    {
      "ability_hit_damage": 0.0,
      "armor": 105.8,
      "attack_damage": 106.0,
      "attack_interval_seconds": 0.5402905466443635,
      "attack_projectile_speed": 1500.0,
      "attack_range": 550.0,
      "attack_speed": 1.850856,
      "burst_magic_damage": 0.0,
      "burst_physical_damage": 0.0,
      "burst_true_damage": 0.0,
      "champion": "Sona",
      "desired_combat_range": 520.0,
      "magic_resist": 54.7,
      "max_health": 2413.4827586206898,
      "move_speed": 387.6,
      "physical_hit_damage": 106.0
    },
    {
      "ability_hit_damage": 0.0,
      "armor": 192.5,
      "attack_damage": 148.5,
      "attack_interval_seconds": 0.6115702984768842,
      "attack_projectile_speed": 0.0,
      "attack_range": 125.0,
      "attack_speed": 1.635135,
      "burst_magic_damage": 0.0,
      "burst_physical_damage": 0.0,
      "burst_true_damage": 0.0,
      "champion": "Dr. Mundo",
      "desired_combat_range": 140.0,
      "magic_resist": 72.69999999999999,
      "max_health": 6479.815457425368,
      "move_speed": 400.0,
      "physical_hit_damage": 148.5
    }
  ],
  "enemy_presets": [
    {
      "champion": "Warwick",
      "items": [
        "Stridebreaker",
        "Mercury's Treads",
        "Blade of the Ruined King",
        "Kraken Slayer",
        "Spirit Visage",
        "Thornmail"
      ],
      "last_checked": "2026-02-15",